1st,2nd,3rd,4th,5th,6th,7th,8th,9th,10th,11th,12th,13th,14th,15th,16th,17th,18th,19th
0.000005,0,0,0,0.000001,0.000001,0.000003,0.00001,0.000032,0.000111,0.000393,0.001374,0.005027,0.018216,0.06766,0.250088,0.934455,3.116429,11.333716
0.000058,0.000003,0.000002,0.000002,0.000002,0.000003,0.000005,0.000012,0.000042,0.000115,0.000388,0.001373,0.005018,0.018203,0.067619,0.250023,0.934182,3.116461,11.336937
0.005979,0.000164,0.000145,0.000143,0.000134,0.000186,0.000154,0.000169,0.000176,0.000291,0.000638,0.001952,0.006334,0.021195,0.064108,0.16165,0.529608,2.140128,7.516307
0.000101,0.000005,0.000003,0.000003,0.000003,0.000004,0.000005,0.00001,0.000029,0.00008,0.000218,0.000771,0.002577,0.009099,0.033888,0.130094,0.303719,1.057605,3.972397
0.000098,0.000009,0.000003,0.000003,0.000003,0.000003,0.000004,0.000007,0.000017,0.000055,0.000176,0.000639,0.002296,0.008201,0.030604,0.112866,0.421365,1.590467,5.95997
0.011117,0.00025,0.000197,0.000172,0.000202,0.000167,0.000157,0.000167,0.000148,0.000173,0.000253,0.000508,0.001439,0.004763,0.017415,0.062135,0.236541,0.874658,2.983815